<?xml version="1.0" encoding="UTF-8"?>
<project-private xmlns="http://www.netbeans.org/ns/project-private/1">
    <editor-bookmarks xmlns="http://www.netbeans.org/ns/editor-bookmarks/2" lastBookmarkId="0"/>
    <open-files xmlns="http://www.netbeans.org/ns/projectui-open-files/2">
        <group>
            <file>file:/C:/Users/Artur/Documents/NetBeansProjects/JuegoRol/src/juegorol/Enemigos.java</file>
            <file>file:/C:/Users/Artur/Documents/NetBeansProjects/JuegoRol/src/juegorol/Jugador.java</file>
            <file>file:/C:/Users/Artur/Documents/NetBeansProjects/JuegoRol/src/juegorol/NombresEnemigos.java</file>
            <file>file:/C:/Users/Artur/Documents/NetBeansProjects/JuegoRol/src/juegorol/JuegoRol.java</file>
            <file>file:/C:/Users/Artur/Documents/NetBeansProjects/JuegoRol/src/juegorol/Logica.java</file>
            <file>file:/C:/Users/Artur/Documents/NetBeansProjects/JuegoRol/src/juegorol/Personaje.java</file>
        </group>
    </open-files>
</project-private>
